{"mean_roundness": 0.17563586555258243, "weighted_concave": 973829.2932732125, "weighted_convex": 478030.9632272063, "total_curved_area": 1581124.6656861687, "weighted_relative": 0.4222738798641013, "highly_concave_area": 1296689.5322648152, "highly_convex_area": 284435.1334213536, "concave_area": 2121841.059684177, "concave_ratio": 0.6171379461047566, "convex_area": 678074.9307491216, "convex_ratio": 0.19721824505079755, "flat_area": 638279.7534466336, "inscribed_radius": 304.0846679927242, "inscribed_sphere_area": 1161980.6901612221, "circumsphere_volume": 1007389804.8677759, "circumsphere_area": 4859771.22678121, "convex_hull_volume": 503937865.0535447, "convex_hull_area": 3267251.4426169693, "mesh_volume": -424755562.3567477, "mesh_area": 3438195.743879932, "iterative_term_tc_ratio": 0.40484351868618185, "shape_factor_ratio": 0.5972856078414797, "iterative_term_ratio": 0.1861755760349912, "iterative_term1": 509212.4024212335, "iterative_term2": 130895.67071666798, "iterative_term_nl_ratio": 1.0601487032551133}